,timeBgn,timeEnd,IRGA_lvl01_Co2_mu,IRGA_lvl01_Co2_mx,IRGA_lvl01_Co2_mn,IRGA_lvl01_Co2_vr,IRGA_lvl01_Co2_n,IRGA_lvl02_Co2_mu,IRGA_lvl02_Co2_mx,IRGA_lvl02_Co2_mn,IRGA_lvl02_Co2_vr,IRGA_lvl02_Co2_n,IRGA_lvl03_Co2_mu,IRGA_lvl03_Co2_mx,IRGA_lvl03_Co2_mn,IRGA_lvl03_Co2_vr,IRGA_lvl03_Co2_n,IRGA_lvl04_Co2_mu,IRGA_lvl04_Co2_mx,IRGA_lvl04_Co2_mn,IRGA_lvl04_Co2_vr,IRGA_lvl04_Co2_n,IRGA_lvl05_Co2_mu,IRGA_lvl05_Co2_mx,IRGA_lvl05_Co2_mn,IRGA_lvl05_Co2_vr,IRGA_lvl05_Co2_n,IRGA_lvl06_Co2_mu,IRGA_lvl06_Co2_mx,IRGA_lvl06_Co2_mn,IRGA_lvl06_Co2_vr,IRGA_lvl06_Co2_n,isoCO2_lvl01_dryCo2_mu,isoCO2_lvl01_dryCo2_mx,isoCO2_lvl01_dryCo2_mn,isoCO2_lvl01_dryCo2_vr,isoCO2_lvl01_dryCo2_n,isoCO2_lvl02_dryCo2_mu,isoCO2_lvl02_dryCo2_mx,isoCO2_lvl02_dryCo2_mn,isoCO2_lvl02_dryCo2_vr,isoCO2_lvl02_dryCo2_n,isoCO2_lvl03_dryCo2_mu,isoCO2_lvl03_dryCo2_mx,isoCO2_lvl03_dryCo2_mn,isoCO2_lvl03_dryCo2_vr,isoCO2_lvl03_dryCo2_n,isoCO2_lvl04_dryCo2_mu,isoCO2_lvl04_dryCo2_mx,isoCO2_lvl04_dryCo2_mn,isoCO2_lvl04_dryCo2_vr,isoCO2_lvl04_dryCo2_n,isoCO2_lvl05_dryCo2_mu,isoCO2_lvl05_dryCo2_mx,isoCO2_lvl05_dryCo2_mn,isoCO2_lvl05_dryCo2_vr,isoCO2_lvl05_dryCo2_n,isoCO2_lvl06_dryCo2_mu,isoCO2_lvl06_dryCo2_mx,isoCO2_lvl06_dryCo2_mn,isoCO2_lvl06_dryCo2_vr,isoCO2_lvl06_dryCo2_n,isoCO2_lvl01_iCo2_mu,isoCO2_lvl01_iCo2_mx,isoCO2_lvl01_iCo2_mn,isoCO2_lvl01_iCo2_vr,isoCO2_lvl01_iCo2_n,isoCO2_lvl02_iCo2_mu,isoCO2_lvl02_iCo2_mx,isoCO2_lvl02_iCo2_mn,isoCO2_lvl02_iCo2_vr,isoCO2_lvl02_iCo2_n,isoCO2_lvl03_iCo2_mu,isoCO2_lvl03_iCo2_mx,isoCO2_lvl03_iCo2_mn,isoCO2_lvl03_iCo2_vr,isoCO2_lvl03_iCo2_n,isoCO2_lvl04_iCo2_mu,isoCO2_lvl04_iCo2_mx,isoCO2_lvl04_iCo2_mn,isoCO2_lvl04_iCo2_vr,isoCO2_lvl04_iCo2_n,isoCO2_lvl05_iCo2_mu,isoCO2_lvl05_iCo2_mx,isoCO2_lvl05_iCo2_mn,isoCO2_lvl05_iCo2_vr,isoCO2_lvl05_iCo2_n,isoCO2_lvl06_iCo2_mu,isoCO2_lvl06_iCo2_mx,isoCO2_lvl06_iCo2_mn,isoCO2_lvl06_iCo2_vr,isoCO2_lvl06_iCo2_n,Lvl01_tempAir_mu,Lvl01_tempAir_vr,Lvl02_tempAir_mu,Lvl02_tempAir_vr,Lvl03_tempAir_mu,Lvl03_tempAir_vr,Lvl04_tempAir_mu,Lvl04_tempAir_vr,Lvl05_tempAir_mu,Lvl05_tempAir_vr,EC_co2FlxStor,EC_co2FlxTurb,EC_co2FlxNSAE
0,2019-09-30 00:00:00,2019-09-30 00:29:59,,,,,0,,,,,0,,,,,0,,,,,0,,,,,0,,,,,0,421.4523842478632,421.938995,420.786987,0.07529906553449867,117,,,,,0,,,,,0,421.82679055696207,422.656006,421.015991,0.14013739621063043,158,422.7711174110032,423.91000399999996,421.714996,0.2790029370725609,309,421.90368075895765,423.563995,420.778015,0.48272520669793567,307,-9.264350412905983,-7.61899996,-10.6759996,0.3948517937988988,117,,,,,0,,,,,0,-9.432297477658228,-7.95699978,-11.118,0.4128840742200289,158,-9.295178565097403,-7.71500015,-11.3549995,0.4860425825978182,308,-9.293648219609121,-7.35900021,-11.2410002,0.45474899292398996,307,26.7484,0.0201,27.6504,0.0315,27.5703,0.033,28.4215,0.0569,28.6692,0.0203,,0.11116682385436284,
1,2019-09-30 00:30:00,2019-09-30 00:59:59,,,,,0,,,,,0,,,,,0,,,,,0,,,,,0,,,,,0,422.1524203503185,422.64401200000003,421.61300700000004,0.03518812810944635,157,424.0098175114006,425.931,422.264008,1.0477050559756818,307,423.0446167077922,425.123993,421.675995,0.6635521486652349,308,421.61215310596026,423.01000999999997,420.834015,0.3301213846397226,151,,,,,0,,,,,0,-9.431187100258065,-7.83699989,-11.7639999,0.4198144976702722,155,-9.493449497589577,-7.51599979,-11.427,0.4483391077710498,307,-9.392840923019481,-7.50099993,-11.1400003,0.44590546281646515,308,-9.34952980013245,-7.77199984,-10.8789997,0.35308146419797287,151,,,,,0,,,,,0,26.3891,0.0051,27.2263,0.0306,27.3097,0.0191,28.0254,0.0217,28.3089,0.0097,,-0.39531501967045635,
2,2019-09-30 01:00:00,2019-09-30 01:29:59,,,,,0,,,,,0,,,,,0,,,,,0,,,,,0,,,,,0,421.82410573509935,422.283997,421.395996,0.033793711788023026,151,,,,,0,,,,,0,422.55241515584413,422.968994,422.21700999999996,0.021795225464773024,154,424.2675421720779,425.91101100000003,422.60998500000005,0.8149162135659882,308,424.1167473668831,425.946991,422.102997,0.9847351347143644,308,-9.290331084834436,-6.90799999,-10.8140001,0.4762126831958401,151,,,,,0,,,,,0,-9.381162317662337,-7.70900011,-10.9759998,0.4802931464882961,154,-9.473459263355048,-7.30299997,-11.4130001,0.4962722922346871,307,-9.44128666465798,-7.69000006,-11.1190004,0.4150526529710439,307,26.1391,0.042,26.8245,0.1128,26.8227,0.0181,27.6698,0.0379,27.8293,0.0465,,0.5110881372332958,
3,2019-09-30 01:30:00,2019-09-30 01:59:59,,,,,0,,,,,0,,,,,0,,,,,0,,,,,0,,,,,0,429.5675716153846,431.589996,428.42898599999995,0.7830072450076322,156,430.5390231176471,431.265991,429.13800000000003,0.17358234633596653,306,427.7084490873786,430.092987,426.0,1.4786632145787102,309,424.32728211184207,426.755005,422.411987,1.5254436067333326,152,,,,,0,,,,,0,-9.616826941089744,-7.68100023,-11.4549999,0.5036764989681721,156,-9.576725504313725,-7.86399984,-11.3920002,0.47480669561891864,306,-9.666461013474025,-7.5539999,-11.4899998,0.4594952273038807,308,-9.386651330657894,-7.91699982,-11.8129997,0.43275444393089163,152,,,,,0,,,,,0,25.7709,0.0138,26.5143,0.0276,26.4214,0.0528,27.1798,0.1008,27.3322,0.0821,,-1.0391050300179063,
4,2019-09-30 02:00:00,2019-09-30 02:29:59,,,,,0,,,,,0,,,,,0,,,,,0,,,,,0,,,,,0,434.7623693377484,437.63198900000003,431.567993,3.4065314908619557,151,,,,,0,,,,,0,431.59995648101267,432.205994,430.68600499999997,0.08162084456050635,158,431.7079259805195,432.308014,430.739014,0.08158489419258627,308,432.6494118863636,437.575012,429.78900100000004,6.446329289428828,308,-9.968225180596026,-8.46000004,-11.6549997,0.45038882411226855,151,,,,,0,,,,,0,-9.887974694620253,-7.75600004,-11.5120001,0.47922089612314595,158,-9.819781767654723,-8.15600014,-11.882,0.4951264451636545,307,-9.757788958668831,-7.94799995,-11.8149996,0.40182903563883626,308,25.4659,0.0389,25.8253,0.0455,25.7127,0.1165,26.4435,0.1642,26.8202,0.0489,,1.2941535968728357,
5,2019-09-30 02:30:00,2019-09-30 02:59:59,,,,,0,,,,,0,,,,,0,,,,,0,,,,,0,,,,,0,431.13513358333336,432.17498800000004,430.446991,0.14842098789091535,156,429.6713289348534,432.162994,427.923004,1.330861623869072,307,435.0297589155844,437.990997,429.69799800000004,6.143710884091782,308,430.61170182781456,433.098999,429.688995,0.5526932355902623,151,,,,,0,,,,,0,-9.640141934516128,-7.80999994,-10.901,0.4407475287971068,155,-9.742231276188924,-7.78499985,-11.6660004,0.5121261960224156,307,-9.835159074383117,-7.97700024,-11.7989998,0.47646742776849776,308,-9.837019864304636,-8.42700005,-11.566,0.39350233847631394,151,,,,,0,,,,,0,24.8791,0.0195,25.2499,0.0206,25.3756,0.0573,26.4964,0.0371,26.7594,0.0524,,-0.6304561550904925,
6,2019-09-30 03:00:00,2019-09-30 03:29:59,,,,,0,,,,,0,,,,,0,,,,,0,,,,,0,,,,,0,432.12745241333334,433.679993,430.445007,0.8864855885478293,150,,,,,0,,,,,0,439.20675849044585,439.70401,438.819,0.02846326835118706,157,441.8941168371336,443.610992,439.608002,1.2279254305265557,307,436.2699577087379,440.391998,433.588989,4.608974807081198,309,-9.746226657866666,-8.08899975,-11.875,0.3675127305252517,150,,,,,0,,,,,0,-9.949738846560509,-8.32999992,-11.6660004,0.5297848969999722,157,-10.212283400032574,-8.41100025,-12.0600004,0.4864328430539933,307,-9.89154221448052,-8.24699974,-11.7700005,0.4600255709854362,308,24.5666,0.004,25.051,0.0085,25.021,0.028,26.0147,0.0101,26.2331,0.0059,,-0.5396498426932785,
7,2019-09-30 03:30:00,2019-09-30 03:59:59,,,,,0,,,,,0,,,,,0,,,,,0,,,,,0,,,,,0,438.9409994774194,441.77899199999996,436.545013,2.281048726559692,155,440.98912705228753,442.549988,439.76000999999997,0.4829994607445214,306,439.7685668487972,441.79699700000003,438.47900400000003,0.9719524154743431,291,439.14113834437086,439.933014,438.484985,0.07576599083277342,151,,,,,0,,,,,0,-10.196623422142856,-8.60200024,-11.7399998,0.40906862865709165,154,-10.107297398104576,-7.88800001,-11.6630001,0.4006800719603988,306,-10.19473878168385,-8.46000004,-11.8710003,0.4496574283079785,291,-10.074633350466666,-8.04100037,-11.585,0.4451567258214097,150,,,,,0,,,,,0,24.4944,0.0084,25.0534,0.0301,24.9529,0.0361,26.0137,0.0073,26.27,0.0044,,-1.1951358552600846,
8,2019-09-30 04:00:00,2019-09-30 04:29:59,,,,,0,,,,,0,,,,,0,,,,,0,,,,,0,,,,,0,435.6761460264901,436.808014,435.101013,0.13494005308811868,151,,,,,0,,,,,0,454.8702793312102,456.153992,452.425995,1.0565660503397747,157,447.8327157491857,451.483002,440.662994,8.396643561837315,307,437.4581496840391,438.84799200000003,436.10199,0.2776928858450807,307,-10.065173365066666,-8.50800037,-12.3479996,0.43713143084493805,150,,,,,0,,,,,0,-10.77550956687898,-9.33699989,-12.4799995,0.46689279129834926,157,-10.380374572605863,-8.4119997,-12.4020004,0.5077801193483024,307,-10.165542202597402,-8.05300045,-12.2130003,0.4820343069025971,308,24.0805,0.0949,24.5488,0.0706,24.4105,0.046,25.5906,0.0149,25.8601,0.0643,,0.7223995231188234,
9,2019-09-30 04:30:00,2019-09-30 04:59:59,,,,,0,,,,,0,,,,,0,,,,,0,,,,,0,,,,,0,454.92132934177215,456.55801399999996,453.984009,0.4401285829649509,158,455.90675643181817,458.70401,452.209015,3.4930885127143103,308,453.3006940716612,455.602997,451.33801300000005,1.7522598488186483,307,455.46748298675493,455.992004,454.71701,0.04879416525997358,151,,,,,0,,,,,0,-10.723632937594937,-9.48400021,-13.085,0.4267773475244095,158,-10.786872533006536,-9.04699993,-12.6990004,0.42377526498632206,306,-10.651292175746754,-8.43200016,-12.6899996,0.45013453542564325,308,-10.7144304597351,-8.91100025,-12.7410002,0.43837381741665354,151,,,,,0,,,,,0,23.7296,0.0262,24.0517,0.0323,24.1161,0.0176,24.9176,0.0596,25.1187,0.0299,,-0.08089788128155156,
10,2019-09-30 05:00:00,2019-09-30 05:29:59,,,,,0,,,,,0,,,,,0,,,,,0,,,,,0,,,,,0,454.05013242105264,454.522003,453.57998699999996,0.06142304142084667,38,,,,,0,,,,,0,448.5011112230483,451.52099599999997,444.50399799999997,2.2753551806381616,269,454.0704716514658,456.182007,452.276001,1.4730797698797125,307,453.99224300974026,455.75201400000003,451.95401,1.4059319072689014,308,-10.708894710526316,-9.48099995,-12.3690004,0.40021197681568105,38,,,,,0,,,,,0,-10.501773233271376,-8.87300014,-12.0019999,0.41475190735505957,269,-10.692062086372548,-8.79599953,-12.809,0.5187489930916087,306,-10.688662344642857,-8.81400013,-12.2539997,0.37803457256994955,308,23.7101,0.0052,23.9836,0.0057,23.8167,0.0896,25.2445,0.1239,25.4807,0.0835,,1.906334108858476,
11,2019-09-30 05:30:00,2019-09-30 05:59:59,,,,,0,,,,,0,,,,,0,,,,,0,,,,,0,,,,,0,434.504380738806,435.454987,432.550995,0.5660858424937132,268,436.00804923934425,438.584015,434.044006,1.710298937865566,305,438.6508918098361,440.942993,437.794006,0.4732719354882449,305,443.43146376923073,444.62701400000003,442.278992,0.5276333683789737,39,,,,,0,,,,,0,-9.848503713358209,-7.84899998,-11.691,0.46472655527665135,268,-10.125316839669967,-8.03199959,-12.0679998,0.44339160481863465,303,-10.115758160294117,-8.33899975,-11.8920002,0.46860429723157687,306,-10.290307649743589,-8.95699978,-12.4879999,0.3429817514335878,39,,,,,0,,,,,0,23.8305,0.0117,24.455,0.0067,24.4642,0.0304,25.8361,0.1017,26.1238,0.0503,,0.24875973734504672,
12,2019-09-30 06:00:00,2019-09-30 06:29:59,,,,,0,,,,,0,,,,,0,,,,,0,,,,,0,,,,,0,432.4174351025641,432.944,432.02899199999996,0.04758476873082869,39,,,,,0,,,,,0,433.464984670412,440.701996,429.62701400000003,12.858074826883824,267,430.31398761842104,430.815002,429.80499299999997,0.03768032335795945,304,430.38537906862746,432.079987,429.407013,0.27307751225238597,306,-9.686948724615384,-8.85400009,-10.8940001,0.2761989315133036,39,,,,,0,,,,,0,-9.823537304179105,-7.6079998,-11.3780003,0.47166609132858084,268,-9.717279600230263,-8.12199974,-11.4130001,0.4369770757593126,304,-9.692830048169935,-7.65100002,-12.2810001,0.5111463567170358,306,23.7043,0.2254,24.2582,0.3649,24.2635,0.2582,25.3624,0.519,25.9576,0.3372,,4.380573586299409,
13,2019-09-30 06:30:00,2019-09-30 06:59:59,,,,,0,,,,,0,,,,,0,,,,,0,,,,,0,,,,,0,444.9527763059702,445.666992,444.312988,0.07680974965844564,268,443.7465770032787,444.925995,442.963013,0.22226322600900958,305,443.4160497198697,444.312012,442.584991,0.18712624624203908,307,441.42529060526317,442.050995,440.77600099999995,0.1498682768464635,38,,,,,0,,,,,0,-10.344913885468165,-8.6590004,-12.4359999,0.4313764393273815,267,-10.2432899849,-8.58399963,-12.0710001,0.4301750503844533,300,-10.291644957296416,-8.69499969,-12.3339996,0.42504269663189304,307,-10.247078947631579,-9.1079998,-11.467,0.29903070293945183,38,,,,,0,,,,,0,22.7456,0.0022,22.812,0.0175,22.7176,0.0421,23.1306,0.0898,23.434,0.1805,,2.4598470905970604,
14,2019-09-30 07:00:00,2019-09-30 07:29:59,,,,,0,,,,,0,,,,,0,,,,,0,,,,,0,,,,,0,445.40384766666665,445.761993,445.135986,0.021188166059491684,39,,,,,0,,,,,0,444.3973546716418,446.002014,442.346008,1.2080126461897598,268,442.5438859543974,443.117004,442.00900299999995,0.026606793969344844,307,442.5527530876624,445.46200600000003,441.029999,1.559532903154873,308,-10.28012821025641,-9.35900021,-11.2819996,0.23511471409753595,39,,,,,0,,,,,0,-10.416402968246269,-8.65999985,-12.3459997,0.419891086984374,268,-10.259026076351791,-7.98500013,-12.3109999,0.5111131254113442,307,-10.222909101038962,-8.72799969,-12.2089996,0.39184944511386827,308,22.8063,0.0037,22.9635,0.0151,22.876,0.0292,24.1873,0.0602,24.5951,0.0276,,0.576892957246378,
15,2019-09-30 07:30:00,2019-09-30 07:59:59,,,,,0,,,,,0,,,,,0,,,,,0,,,,,0,,,,,0,440.98702613207547,441.772003,440.10101299999997,0.10395363170938003,265,440.4289910521172,441.101013,440.002991,0.025786650048683853,307,442.6964475652174,445.903015,439.932007,2.6635443094648847,299,445.93946256410254,446.24600200000003,445.609009,0.02532697185209467,39,,,,,0,,,,,0,-10.134083334015152,-8.6789999,-11.7810001,0.40140656541771624,264,-10.173267105602607,-8.61999989,-11.9820004,0.40443756334034336,307,-10.239910270564785,-8.65100002,-12.474,0.45443293602959794,301,-10.540512818717948,-9.86999989,-11.5290003,0.19114097698592575,39,,,,,0,,,,,0,22.8878,0.0207,23.3768,0.0389,23.3802,0.0495,24.2523,0.0934,24.58,0.0593,,0.7082439920608488,
16,2019-09-30 08:00:00,2019-09-30 08:29:59,,,,,0,,,,,0,,,,,0,,,,,0,,,,,0,,,,,0,440.867622972973,441.440002,440.368988,0.09763357552707963,37,,,,,0,,,,,0,448.60670176492533,449.10101299999997,448.208008,0.038529652221888436,268,447.4076871237785,448.28601100000003,446.809998,0.06505278733252054,307,446.79160505228754,448.22699,442.826996,1.5707125382260634,306,-10.117459451081082,-8.97099972,-11.1689997,0.2927403629871369,37,,,,,0,,,,,0,-10.442643140929368,-8.11600018,-12.3179998,0.37104373423746956,269,-10.491664496710097,-8.81000042,-12.2559996,0.42242778228427313,307,-10.353934650326797,-8.20199966,-12.2679996,0.4038193981260625,306,22.3767,0.0119,22.5936,0.0481,22.864,0.0239,24.305,0.1278,25.0082,0.1124,,-0.4832959427914598,
17,2019-09-30 08:30:00,2019-09-30 08:59:59,,,,,0,,,,,0,,,,,0,,,,,0,,,,,0,,,,,0,451.6384740482456,454.463989,449.865997,1.5146733741942904,228,456.8415619409836,457.915009,455.066986,0.3939084136612726,305,451.99984404220777,455.950989,449.279999,4.417542052201953,308,449.0502162972973,449.562012,448.634003,0.05061120326977086,37,,,,,0,,,,,0,-10.581894723114035,-8.81900024,-11.842,0.3935339183770154,228,-10.745613099213115,-9.21800041,-12.6459999,0.41669151852841224,305,-10.624272752564934,-8.30700016,-12.2270002,0.37682295662919846,308,-10.450594620810811,-9.02799988,-11.5089998,0.39380753571189914,37,,,,,0,,,,,0,22.5722,0.0131,22.9821,0.0283,23.0622,0.0068,24.1121,0.0159,24.3952,0.0073,,0.03850241501936474,
18,2019-09-30 09:00:00,2019-09-30 09:29:59,,,,,0,,,,,0,,,,,0,,,,,0,,,,,0,,,,,0,449.9393606666667,450.298004,449.617004,0.025267278735122696,39,,,,,0,,,,,0,455.39136422304836,459.04599,451.54699700000003,4.1174564356128975,269,450.06932639739415,451.60400400000003,446.16598500000003,1.9011537734128783,307,446.5662006720779,449.475006,444.411987,1.927289540447974,308,-10.458820443333334,-8.91499996,-12.2220001,0.5143048307594545,39,,,,,0,,,,,0,-10.815156114237919,-8.97099972,-12.8929996,0.43745085146359913,269,-10.413407178078176,-8.42599964,-12.1440001,0.37066292608956936,307,-10.415873364902598,-8.80599976,-12.7959995,0.4681251684003205,308,22.6063,0.0039,22.893,0.0217,22.7993,0.0475,23.6629,0.073,23.7805,0.0883,,-3.195008231054713,
19,2019-09-30 09:30:00,2019-09-30 09:59:59,,,,,0,,,,,0,,,,,0,,,,,0,,,,,0,,,,,0,451.50637288059704,452.78601100000003,450.43301399999996,0.48932745018600615,201,453.1663244771242,454.187988,451.20401,0.45753466999306175,306,456.7028857647059,459.126007,454.089996,1.8105096071731979,306,458.94679610256406,459.424011,458.49301099999997,0.04826375894309624,39,,,,,0,,,,,0,-10.606064987949999,-8.89000034,-12.2700005,0.42983609147773794,200,-10.711749191758958,-8.56400013,-12.4399996,0.4186008846059438,307,-10.802986979934854,-9.14299965,-12.6520004,0.39606091622045486,307,-10.949333308717948,-9.77900028,-12.5790005,0.4281106674981557,39,,,,,0,,,,,0,22.5587,0.0017,22.7368,0.0038,22.6927,0.0246,23.4925,0.0025,23.5819,0.003,,0.17228850063447182,
20,2019-09-30 10:00:00,2019-09-30 10:29:59,,,,,0,,,,,0,,,,,0,,,,,0,,,,,0,,,,,0,451.3556423846154,451.871002,450.80899000000005,0.07978806082955726,39,,,,,0,,,,,0,452.36299638661706,454.90799,450.949005,1.1954918275809792,269,450.96222162540715,451.890991,450.074005,0.17282989497718929,307,451.2887756623377,452.74600200000003,450.031006,0.6079213715419634,308,-10.696743556410256,-8.96199989,-11.9610004,0.4557811440835227,39,,,,,0,,,,,0,-10.533193318847584,-8.8380003,-12.2609997,0.46256248077338247,269,-10.584625407198697,-8.91499996,-12.408,0.34249134709841217,307,-10.478534210456026,-8.46399975,-12.3299999,0.40397213560848194,307,22.3481,0.0064,22.4887,0.0098,22.428,0.01,23.4505,0.0173,23.5251,0.0045,,-0.12449971079359315,
21,2019-09-30 10:30:00,2019-09-30 10:59:59,,,,,0,,,,,0,,,,,0,,,,,0,,,,,0,,,,,0,461.09390271268654,462.89001499999995,458.563995,1.6801224007497935,268,459.3047626547231,460.47900400000003,458.151001,0.3702005078582932,307,456.9804231114754,458.666992,456.03799399999997,0.28605569020404614,305,455.12664005128204,455.855011,454.484009,0.12610792554441344,39,,,,,0,,,,,0,-10.89337451775281,-8.85599995,-12.559,0.41209926128780644,267,-10.930710085211727,-9.10099983,-13.0979996,0.42151090453716655,307,-10.841555538235294,-9.03199959,-12.6499996,0.40752780522625415,306,-10.917179455641026,-9.33600044,-12.3769999,0.48583775689248454,39,,,,,0,,,,,0,21.8007,0.0657,21.8439,0.1085,21.9797,0.0233,22.7764,0.1157,22.9724,0.147,,-2.1715440429197765,
22,2019-09-30 11:00:00,2019-09-30 11:29:59,,,,,0,,,,,0,,,,,0,,,,,0,,,,,0,,,,,0,462.610127025641,463.071991,462.333008,0.03203969042450057,39,,,,,0,,,,,0,461.56573717293236,462.175995,460.19101,0.12426698955357708,266,461.0244447045455,461.72699,460.300995,0.07270081447181835,308,462.7041917272727,464.10699500000004,460.742004,0.8010973945223835,308,-10.778717894615385,-9.20499992,-11.8559999,0.33325543946919584,39,,,,,0,,,,,0,-10.940591778164794,-8.83100033,-12.6239996,0.43816777312596844,267,-10.922307435728156,-9.10499954,-12.8030005,0.405260188668494,309,-11.050661251237784,-9.48999977,-12.9840002,0.388892799037485,307,21.7737,0.0116,21.8124,0.0183,21.7356,0.0095,22.132,0.0092,22.274,0.0151,,-0.16351480072066418,
23,2019-09-30 11:30:00,2019-09-30 11:59:59,,,,,0,,,,,0,,,,,0,,,,,0,,,,,0,,,,,0,462.31179809701496,462.80899,461.890015,0.028240273819458914,268,461.9057349836601,464.136993,456.863007,4.152592839738182,306,455.7666429411764,458.333008,454.489014,0.9174423540268729,306,459.8495743,460.631989,459.261993,0.14675399317283166,40,,,,,0,,,,,0,-11.036701489850746,-9.52499962,-12.4700003,0.36516015534964286,268,-10.939251612222222,-8.94799995,-12.5159998,0.4451147383346838,306,-10.840298678863636,-8.99600029,-12.9189997,0.4130965196527435,308,-11.04064997775,-9.61100006,-12.5410004,0.4945307597615311,40,,,,,0,,,,,0,21.6682,0.0036,21.7104,0.0075,21.8192,0.0074,22.2713,0.005,22.533,0.0128,,0.744025467888857,
24,2019-09-30 12:00:00,2019-09-30 12:29:59,,,,,0,,,,,0,,,,,0,,,,,0,,,,,0,,,,,0,462.29455966666666,462.612,461.804993,0.029739130820175014,39,,,,,0,,,,,0,458.187965619403,459.18100000000004,457.506012,0.10987424060858979,268,459.2175281237785,459.993011,457.984985,0.1769435330481613,307,460.9051914967533,462.345001,459.30300900000003,0.604942175406023,308,-11.153974333076922,-9.78199959,-12.4790001,0.2796219977986973,39,,,,,0,,,,,0,-10.909810429144981,-9.40299988,-12.6199999,0.3632351721799187,269,-10.943885987557003,-8.99300003,-13.0290003,0.4097837430653643,307,-10.897716582442996,-9.2510004,-12.7069998,0.3980658061044175,307,21.8989,0.0549,22.0894,0.0669,22.2725,0.05,22.3773,0.0261,22.4949,0.0162,,1.3643016009976643,
25,2019-09-30 12:30:00,2019-09-30 12:59:59,,,,,0,,,,,0,,,,,0,,,,,0,,,,,0,,,,,0,460.77160848880595,461.868011,459.69500700000003,0.33105827096086726,268,460.48557681433226,461.29098500000003,459.855988,0.07728128737428273,307,461.4008848762215,462.54501300000004,459.548004,0.487631797994607,307,459.2072625526316,459.751007,458.648987,0.05191206971571393,38,,,,,0,,,,,0,-10.918130609067164,-9.70100021,-12.6759996,0.33739122233634833,268,-10.997319234039088,-9.40799999,-12.8649998,0.37194966238842125,307,-10.9065681625,-9.28199959,-12.7250004,0.3767681052356605,308,-10.995552665526315,-9.92399979,-12.5930004,0.3555684088847228,38,,,,,0,,,,,0,22.6137,0.073,22.7097,0.0381,23.1139,0.0326,23.0787,0.049,22.9637,0.0501,,0.3809273994693516,
26,2019-09-30 13:00:00,2019-09-30 13:29:59,,,,,0,,,,,0,,,,,0,,,,,0,,,,,0,,,,,0,460.95935997435896,461.44500700000003,460.57998699999996,0.03480541161971141,39,,,,,0,,,,,0,461.02620540892195,462.270996,459.503998,0.46215656003027106,269,462.27557777597406,463.114014,461.21701,0.11233140791952267,308,460.389250211039,461.493011,459.57199099999997,0.18724296998865542,308,-10.720589683333333,-9.08600044,-12.2950001,0.6331574284540138,39,,,,,0,,,,,0,-10.885197008401487,-9.00399971,-12.9359999,0.41438734540705435,269,-11.004055358338762,-9.17000008,-12.7220001,0.40244685390989793,307,-10.883675353538962,-8.86100006,-12.4729996,0.377829737636502,308,23.5127,0.0648,23.345,0.0331,23.7586,0.0495,23.6933,0.0424,23.5103,0.0307,,3.5361911018632863,
27,2019-09-30 13:30:00,2019-09-30 13:59:59,,,,,0,,,,,0,,,,,0,,,,,0,,,,,0,,,,,0,454.46663250757575,455.393005,453.69399999999996,0.18833142280555273,264,456.98265764379084,458.933014,455.213013,1.0496186906176195,306,458.34633323127036,459.20401000000004,457.497009,0.15283916317219093,307,459.3344382051282,460.074005,458.933014,0.06379631183948448,39,,,,,0,,,,,0,-10.65196946889313,-8.66499996,-12.1359997,0.3936889922482641,262,-10.845712433888888,-9.12300014,-12.6350002,0.39022759593913947,306,-10.795081207077923,-9.04100037,-12.8380003,0.3646514476094178,308,-10.835897416666667,-9.08500004,-12.4280005,0.6662561065524475,39,,,,,0,,,,,0,24.4848,0.117,24.1897,0.1179,24.5767,0.1416,24.1375,0.1304,23.8782,0.0843,,-7.149693300085899,
28,2019-09-30 14:00:00,2019-09-30 14:29:59,,,,,0,,,,,0,,,,,0,,,,,0,,,,,0,,,,,0,454.012426725,454.358002,453.671997,0.02418264299502553,40,,,,,0,,,,,0,449.3288269097744,450.214996,448.083008,0.2515098924887841,266,450.5339812222222,452.420013,449.432007,0.7390588741025134,306,452.9796492175325,454.097992,451.803986,0.30008517800147944,308,-10.440275001,-9.11299992,-11.599,0.4126446047225851,40,,,,,0,,,,,0,-10.47605616588015,-8.04599953,-12.0559998,0.4073633274612022,267,-10.384901621475409,-8.29699993,-12.1879997,0.4425549473407626,305,-10.593016252532468,-8.83600044,-12.3520002,0.4482836111969585,308,25.2732,0.0456,25.0315,0.0213,25.3331,0.0947,24.9949,0.1335,24.8414,0.1289,,-11.93539936726349,
29,2019-09-30 14:30:00,2019-09-30 14:59:59,,,,,0,,,,,0,,,,,0,,,,,0,,,,,0,,,,,0,442.20350151301113,443.19799800000004,441.00100699999996,0.27882599907640865,269,442.8455420653595,443.855011,441.609985,0.33616869928621157,306,445.50968491856673,448.212006,442.213989,3.5093394785161034,307,448.369973948718,448.923004,448.054993,0.021557606748101487,39,,,,,0,,,,,0,-10.187999981828359,-8.48900032,-12.5319996,0.4722443529069695,268,-10.201836631862745,-8.59000015,-11.7060003,0.38413458232414754,306,-10.240579798925081,-8.37199974,-12.5290003,0.4570460285424125,307,-10.323128186153847,-9.06299973,-11.7419996,0.28362111567439124,39,,,,,0,,,,,0,26.7451,0.1642,26.2301,0.1008,26.5646,0.1694,26.2314,0.2995,26.0133,0.3304,,-1.4140999913049614,
30,2019-09-30 15:00:00,2019-09-30 15:29:59,,,,,0,,,,,0,,,,,0,,,,,0,,,,,0,,,,,0,441.26469382051283,441.638,440.97198499999996,0.027597695714045432,39,,,,,0,,,,,0,438.5061271947565,439.319,437.984985,0.06810041896987233,267,439.8600948506493,440.514008,439.006012,0.10835170602303991,308,440.84361816993464,441.92099,439.709991,0.35377260435496705,306,-9.930435865641025,-8.69900036,-11.243,0.4460243699617766,39,,,,,0,,,,,0,-10.023756558389513,-8.41899967,-12.4799995,0.43519965039880043,267,-10.159220781558442,-8.57999992,-12.2659998,0.40972444973119193,308,-10.035814338925082,-8.1960001,-12.2010002,0.40852476924641223,307,27.7383,0.377,27.1699,0.2722,27.4684,0.1952,27.5868,0.1768,27.3298,0.1597,,1.111128954687186,
31,2019-09-30 15:30:00,2019-09-30 15:59:59,,,,,0,,,,,0,,,,,0,,,,,0,,,,,0,,,,,0,432.34045431598514,433.010986,431.703003,0.060898970513023516,269,435.09980140909096,436.06601,433.52099599999997,0.27749956855230884,308,435.9737985909091,438.36199999999997,434.54599,1.2262256435823369,308,438.380651025,438.71499600000004,438.07998699999996,0.020008903011564397,40,,,,,0,,,,,0,-9.701628259144982,-7.90600014,-11.3909998,0.3787860901253317,269,-9.962885235508196,-8.30500031,-11.7709999,0.4179993329821094,305,-9.89809417038961,-8.14599991,-12.1239996,0.4300966051836523,308,-10.00092504125,-8.50199986,-11.4770002,0.4346388170161749,40,,,,,0,,,,,0,28.8558,0.268,28.4225,0.1505,28.5611,0.1055,28.6476,0.2753,28.3669,0.28,,-6.173218887497561,
32,2019-09-30 16:00:00,2019-09-30 16:29:59,,,,,0,,,,,0,,,,,0,,,,,0,,,,,0,,,,,0,431.5725637948718,431.997009,431.115997,0.043677084478166615,39,,,,,0,,,,,0,426.7251503082707,428.347992,425.074005,0.6350900805618357,266,428.8943610684039,429.51199299999996,428.174011,0.07131977731420217,307,429.72043979288026,431.306,428.53799399999997,0.49133414322385877,309,-9.834718066153846,-8.18299961,-11.2840004,0.4300523502563753,39,,,,,0,,,,,0,-9.512138594644195,-7.70699978,-11.1140003,0.4060622470826904,267,-9.5500292325,-7.8130002,-11.9060001,0.4083389348835373,308,-9.635666702006473,-8.07800007,-12.1210003,0.4849960410963369,309,30.1548,0.1681,29.4785,0.0931,29.6875,0.0895,29.348,0.2275,29.1008,0.2688,,15.742069235713313,
33,2019-09-30 16:30:00,2019-09-30 16:59:59,,,,,0,,,,,0,,,,,0,,,,,0,,,,,0,,,,,0,421.6683196879699,422.036011,421.231995,0.023917950464147946,266,422.24540627361563,422.88800000000003,421.546997,0.06635289634968301,307,422.39162963636363,424.122009,421.51400800000005,0.3854901817662827,308,424.786976625,425.30499299999997,424.358002,0.06894866101834293,40,,,,,0,,,,,0,-9.327270681729324,-7.37699986,-11.1920004,0.4461417299561239,266,-9.336605863387621,-7.50899982,-11.434,0.5303060350420146,307,-9.407564927305195,-7.84000015,-11.177,0.3889666569693879,308,-9.67479996875,-8.48700047,-11.6339998,0.39477921507750047,40,,,,,0,,,,,0,30.8459,0.1764,30.1922,0.1762,30.4716,0.1008,30.4024,0.1972,30.1571,0.2071,,1.103534599291351,
34,2019-09-30 17:00:00,2019-09-30 17:29:59,,,,,0,,,,,0,,,,,0,,,,,0,,,,,0,,,,,0,421.830899025,422.118988,421.54299899999995,0.017710048667409373,40,,,,,0,,,,,0,420.6237914626866,421.394989,419.700989,0.1264604988568933,268,421.8329217077922,422.256989,421.39801,0.02606268484595337,308,421.8810876197183,422.341003,421.390991,0.03216843761128231,284,-9.708925032,-8.71199989,-10.6389999,0.2846454263290931,40,,,,,0,,,,,0,-9.274738786567164,-6.92399979,-11.0640001,0.5047331191516127,268,-9.348405843116883,-7.22100019,-11.1789999,0.43521438989981936,308,-9.371679570140845,-6.89400005,-11.2379999,0.4614169296390701,284,31.844,0.3092,31.1123,0.1298,31.3791,0.1486,31.0403,0.2323,30.7219,0.2155,,-6.671482152035214,
35,2019-09-30 17:30:00,2019-09-30 17:59:59,,,,,0,,,,,0,,,,,0,,,,,0,,,,,0,,,,,0,420.54323565671643,421.143005,420.08099400000003,0.029667075616848095,268,420.5610701919192,421.24301099999997,420.139008,0.037286998481641805,297,420.2831141606557,420.77099599999997,419.868988,0.027783477385615193,305,420.014501925,420.319,419.731995,0.01896984783027726,40,,,,,0,,,,,0,-9.247175377686567,-7.79099989,-10.7880001,0.38373383085465973,268,-9.319176269898305,-7.17999983,-12.0559998,0.47211395965889963,295,-9.266062708844885,-7.55499983,-11.0030003,0.5065100825355799,303,-9.20547501875,-7.69299984,-11.1239996,0.5634248006054097,40,,,,,0,,,,,0,32.2626,0.1269,31.6426,0.0442,31.8137,0.0797,31.2805,0.292,31.0335,0.2855,,1.012508893640849,
36,2019-09-30 18:00:00,2019-09-30 18:29:59,,,,,0,,,,,0,,,,,0,,,,,0,,,,,0,,,,,0,421.0714119487179,421.381989,420.554993,0.030333416762893077,39,,,,,0,,,,,0,416.5140449440298,417.08999600000004,416.066986,0.03171231719190345,268,417.7163320651466,418.82800299999997,416.639008,0.2832319524155049,307,420.1315882875817,421.432007,418.688995,0.5597768548770847,306,-9.504000004102563,-8.31599998,-11.0220003,0.40887923748378335,39,,,,,0,,,,,0,-9.071440286865672,-6.83199978,-10.7600002,0.46645730675027264,268,-9.32955048495114,-7.37099981,-11.1140003,0.4237678871522985,307,-9.289049036895426,-7.61199999,-10.6809998,0.3926116366762857,306,33.0063,0.0788,32.0625,0.0272,32.2366,0.062,31.7668,0.125,31.4148,0.0901,,,
37,2019-09-30 18:30:00,2019-09-30 18:59:59,,,,,0,,,,,0,,,,,0,,,,,0,,,,,0,,,,,0,414.8581644291045,415.55499299999997,414.084015,0.10222243342356319,268,414.9709409737705,415.490997,414.40399199999996,0.04007308965943997,305,416.0729705016287,416.734009,415.132996,0.14145522809645408,307,416.37323230769226,416.70800799999995,416.131012,0.017301489270008415,39,,,,,0,,,,,0,-9.13771159835206,-6.97100019,-10.9280005,0.5615331537053283,267,-9.094281967180327,-6.90899992,-11.2930002,0.5413589601927841,305,-9.22475896684039,-7.32999992,-11.2589998,0.46431499197133247,307,-8.862205102051282,-7.21799994,-9.98099995,0.4652735075730188,39,,,,,0,,,,,0,33.1979,0.2419,32.3061,0.0482,32.3999,0.1039,32.009,0.1866,31.7395,0.1639,,,
38,2019-09-30 19:00:00,2019-09-30 19:29:59,,,,,0,,,,,0,,,,,0,,,,,0,,,,,0,,,,,0,415.11099925,415.402008,414.700012,0.02278040975793691,40,,,,,0,,,,,0,,,,,0,,,,,0,,,,,0,-9.17080002675,-7.37900019,-10.3129997,0.40939811071718785,40,,,,,0,,,,,0,,,,,0,,,,,0,,,,,0,33.2345,0.0986,32.4982,0.0299,32.68,0.0676,32.3439,0.1397,32.0601,0.1261,,,
39,2019-09-30 19:30:00,2019-09-30 19:59:59,,,,,0,,,,,0,,,,,0,,,,,0,,,,,0,,,,,0,,,,,0,,,,,0,,,,,0,417.38966951301114,419.25399799999997,416.174988,0.6076301877836894,269,431.1436628668831,453.199005,420.186005,86.59237797071954,308,487.87984396103894,496.141998,462.54599,86.23497313898055,308,,,,,0,,,,,0,,,,,0,-7.991895897249071,-6.06099987,-9.56200027,0.5312102311380477,269,-7.042310449771242,-5.32600021,-9.03600025,0.5117054752857527,306,-12.123365706472493,-7.88899994,-15.0979996,3.0297863734583994,309,32.377,0.1496,32.3006,0.0873,32.4228,0.1091,32.1014,0.0607,31.8887,0.0327,,,
40,2019-09-30 20:00:00,2019-09-30 20:29:59,,,,,0,,,,,0,,,,,0,,,,,0,,,,,0,,,,,0,414.96448903731346,415.437988,414.346008,0.02649605113864314,268,415.20421355016185,415.93899500000003,414.618988,0.09619772536461889,309,415.80373205228756,416.437012,415.259003,0.029643198994010314,306,416.34974238461535,416.64099100000004,416.09200999999996,0.017746967549190844,39,,,,,0,,,,,0,-8.959462438421053,-7.07600021,-10.9940004,0.4919352739059844,266,-8.933597418181819,-7.23899984,-10.5109997,0.4132175910414605,308,-8.652677545276873,-6.7579999,-10.6309996,0.4368991929961663,307,-8.26817944102564,-7.07200003,-9.27799988,0.3818950253088864,39,,,,,0,,,,,0,32.2601,0.025,32.2725,0.0226,32.6557,0.0283,32.3249,0.0263,32.1292,0.0293,,,
41,2019-09-30 20:30:00,2019-09-30 20:59:59,,,,,0,,,,,0,,,,,0,,,,,0,,,,,0,,,,,0,415.1582289487179,415.444,414.91000399999996,0.02113551662610249,39,,,,,0,415.1300184606742,415.89898700000003,414.391998,0.12586067761771494,267,414.44475505844156,414.94198600000004,413.84600800000004,0.03090608437030955,308,414.57518776623374,415.37200900000005,413.91598500000003,0.09308755569200465,308,,,,,0,-8.906102595384615,-7.52299976,-9.9989996,0.34196368903305846,39,,,,,0,-9.023733081278195,-7.05499983,-10.8430004,0.4701221443942206,266,-8.957516220876624,-6.94799995,-11.1110001,0.4972060253373053,308,-8.945438324025973,-6.96600008,-10.9680004,0.4514869328210158,308,,,,,0,31.6942,0.0633,32.0503,0.0828,32.5051,0.0282,32.3508,0.0253,32.1968,0.0284,,,
42,2019-09-30 21:00:00,2019-09-30 21:29:59,,,,,0,,,,,0,,,,,0,,,,,0,,,,,0,,,,,0,417.4769348078176,418.058014,416.833008,0.061249980340874435,307,416.91731664820844,417.665009,415.872009,0.18782908404248938,307,415.91594695000003,416.403992,415.567993,0.032079935087024926,40,,,,,0,417.78046099256505,418.369995,417.04998800000004,0.07679896390997062,269,,,,,0,-9.12046252990228,-7.3039999,-10.9720001,0.49945650747990405,307,-9.162876626331169,-7.31500006,-11.5810003,0.4318929706450651,308,-9.11997498425,-7.35099983,-11.1859999,0.5145530871315717,40,,,,,0,-9.115944242936804,-7.01599979,-11.7139997,0.43158549265462026,269,,,,,0,30.9859,0.04,31.6126,0.0269,32.0796,0.0499,32.0775,0.0204,31.9649,0.014,,,
43,2019-09-30 21:30:00,2019-09-30 21:59:59,,,,,0,,,,,0,,,,,0,,,,,0,,,,,0,,,,,0,,,,,0,418.34623318113205,418.81399500000003,417.815002,0.0386191572252025,265,416.4412444383117,417.789001,415.75,0.1878507499607224,308,417.3124121980519,417.885986,416.221008,0.11996065023774168,308,417.4125131282051,417.766998,416.899994,0.023163875112799,39,,,,,0,,,,,0,-9.296484856401515,-7.74300003,-11.1899996,0.45386749425873424,264,-9.095081143993507,-7.50099993,-10.941,0.42885796364398393,308,-9.219573305472313,-7.13399982,-11.2860003,0.5076661516843184,307,-9.124666691025642,-7.93499994,-11.0620003,0.378059550624807,39,,,,,0,30.3723,0.0367,31.1837,0.0221,31.6234,0.053,31.8156,0.0058,31.7359,0.0032,,,
44,2019-09-30 22:00:00,2019-09-30 22:29:59,,,,,0,,,,,0,,,,,0,,,,,0,,,,,0,,,,,0,415.9353259967427,418.31601,414.286011,1.9204381272020714,307,418.0078195897436,418.5,417.730011,0.02961164678230057,39,,,,,0,414.3032857211896,415.322998,412.983002,0.41200176613916534,269,414.06382850974023,414.848999,412.96899399999995,0.12799975534008134,308,,,,,0,-9.118084699315961,-7.17000008,-11.276,0.4489910960935727,307,-9.334230841025642,-8.09899998,-11.1330004,0.4738598969402006,39,,,,,0,-9.11012271992565,-7.44899988,-11.3439999,0.44911171394646177,269,-9.143714281461039,-7.02600002,-11.1059999,0.48783332355465037,308,,,,,0,29.7044,0.0242,30.6945,0.0196,31.0031,0.0257,31.5498,0.0095,31.5171,0.0064,,,
45,2019-09-30 22:30:00,2019-09-30 22:59:59,,,,,0,,,,,0,,,,,0,,,,,0,,,,,0,,,,,0,414.3989736082089,415.609009,413.23999,0.3293296540121331,268,412.6338001535948,414.375,411.464996,0.5053936183299453,306,415.17251000324677,415.97900400000003,414.230011,0.18474436652266923,308,415.13255004999996,415.44101,414.809998,0.01881518807481801,40,,,,,0,,,,,0,-9.101179079514925,-7.38700008,-11.0039997,0.4516879704797728,268,-9.031413110557377,-6.99300003,-11.5880003,0.44237229464803335,305,-9.195188294253247,-7.70200014,-10.9759998,0.4102853618181404,308,-9.03697496475,-7.60300016,-10.3730001,0.37527638469467434,40,,,,,0,,,,,0,29.0891,0.0161,30.2096,0.018,30.4974,0.0178,31.4712,0.0036,31.4897,0.0012,,,
46,2019-09-30 23:00:00,2019-09-30 23:29:59,,,,,0,,,,,0,,,,,0,,,,,0,,,,,0,,,,,0,413.48397374999996,413.756989,413.19399999999996,0.02578969686767944,40,,,,,0,415.17273852238804,415.882996,414.33099400000003,0.09123155287261824,268,414.44404554575164,415.22699,413.515015,0.12928715460418902,306,414.4522146103896,415.05499299999997,413.682007,0.09923857233793879,308,,,,,0,-8.981846075897437,-7.28200006,-10.302,0.4673045338034145,39,,,,,0,-9.177438669665428,-7.37400007,-11.2690001,0.43888326687082374,269,-9.097996732777778,-7.27600002,-10.8920002,0.5021664766300821,306,-9.141175895570033,-6.80700016,-11.1269999,0.46153596378449,307,,,,,0,28.6335,0.0245,30.0077,0.0085,30.081,0.0744,31.4811,0.0013,31.4912,0.0002,,,
47,2019-09-30 23:30:00,2019-09-30 23:59:59,,,,,0,,,,,0,,,,,0,,,,,0,,,,,0,,,,,0,416.5670691074919,417.178986,416.071991,0.04782305053335046,307,416.06115045751636,416.49301099999997,415.605011,0.0283473707564526,306,415.8465387948718,416.196991,415.492004,0.02550796586632508,39,,,,,0,418.059966329588,419.927002,416.933014,0.6625395998164982,267,,,,,0,-9.105690533355048,-7.12900019,-10.8649998,0.44207532449462306,307,-9.206596708229508,-7.40500021,-11.1260004,0.39736048040699373,305,-8.945051301025641,-7.74399996,-10.6079998,0.446235649990593,39,,,,,0,-9.363471894344569,-7.56099987,-11.2390003,0.48328533296338183,267,,,,,0,28.205,0.0209,29.6285,0.07,29.6564,0.1268,30.542,0.7471,30.6392,0.6842,,,
